asset	estimated_return
AAPL	0.016725066531455782
TSLA	0.03392182891654965
SPY	0.02051346326726631
VISA	0.01897895748679044
BRK-B	0.018090087201975996
AMZN	0.025447456247077376
