	AAPL	TSLA	SPY	VISA	BRK-B	AMZN
AAPL	0.003582173392042322	0.0030267056008900744	0.0007400757445866267	0.00012493615443944138	0.0005244299398291513	0.0004418233726044487
TSLA	0.0030267056008900744	0.024400083846355742	0.001971323027151242	0.001034587845920699	-0.0019602098409803627	0.005832465347892901
SPY	0.0007400757445866267	0.001971323027151242	0.0012144656231555106	0.0006840600863345907	0.0003364411056062705	0.0017219889226173246
VISA	0.00012493615443944138	0.001034587845920699	0.0006840600863345907	0.0016330583485449587	0.0010311084191680466	0.0007439719910063573
BRK-B	0.0005244299398291513	-0.0019602098409803627	0.0003364411056062705	0.0010311084191680466	0.0025915513918246904	-0.0009162263762533124
AMZN	0.0004418233726044487	0.005832465347892901	0.0017219889226173246	0.0007439719910063573	-0.0009162263762533124	0.004566230235374226
