asset	allocation
AAPL	6.173891983515557e-11
TSLA	0.999999995167605
SPY	3.849340589490274e-10
VISA	1.8053071368261042e-10
BRK-B	1.1625562059868352e-10
AMZN	4.088935824948089e-09
