asset	allocation
AAPL	5.507641654370406e-10
TSLA	0.9999999870650175
SPY	1.6988539666246755e-09
VISA	1.0712333193457917e-09
BRK-B	8.237098404874088e-10
AMZN	8.827172375933609e-09
