asset	allocation
AAPL	0.11543794193634983
TSLA	9.40553806888675e-20
SPY	0.4906797498778403
VISA	0.2266831459197854
BRK-B	0.16719916226602446
AMZN	-1.495008718419271e-19
